<?xml version="1.0" encoding="UTF-8"?>
<!DOCTYPE mapper PUBLIC "-//mybatis.org//DTD Mapper 3.0//EN" "http://mybatis.org/dtd/mybatis-3-mapper.dtd">
<mapper namespace="com.gec.hawaste.mapper.AppVersionMapper">

    <!-- 通用查询映射结果 -->
    <resultMap id="BaseResultMap" type="com.gec.hawaste.entity.AppVersion">
        <id column="id" property="id"/>
        <result column="platform" property="platform"/>
        <result column="version_no" property="versionNo"/>
        <result column="force_update" property="forceUpdate"/>
        <result column="down_path" property="downPath"/>
        <result column="size" property="size"/>
        <result column="app_explain" property="appExplain"/>
        <result column="create_date" property="createDate"/>
        <result column="update_date" property="updateDate"/>
        <result column="del_flag" property="delFlag"/>
        <result column="create_by" property="createBy"/>
    </resultMap>

</mapper>
