<?xml version="1.0" encoding="UTF-8"?>
<!DOCTYPE mapper PUBLIC "-//mybatis.org//DTD Mapper 3.0//EN" "http://mybatis.org/dtd/mybatis-3-mapper.dtd">
<mapper namespace="com.gec.hawaste.mapper.DetailMapper">

    <!-- 通用查询映射结果 -->
    <resultMap id="BaseResultMap" type="com.gec.hawaste.entity.Detail">
        <id column="id" property="id"/>
        <result column="work_order_id" property="workOrderId"/>
        <result column="waste_type_id" property="wasteTypeId"/>
        <result column="waste_id" property="wasteId"/>
        <result column="component" property="component"/>
        <result column="weight" property="weight"/>
        <result column="morphological" property="morphological"/>
        <result column="packaging" property="packaging"/>
        <result column="plate_number" property="plateNumber"/>
        <result column="create_date" property="createDate"/>
        <result column="update_date" property="updateDate"/>
        <result column="del_flag" property="delFlag"/>
        <result column="create_by" property="createBy"/>
    </resultMap>

</mapper>
