<?xml version="1.0" encoding="UTF-8"?>
<!DOCTYPE mapper PUBLIC "-//mybatis.org//DTD Mapper 3.0//EN" "http://mybatis.org/dtd/mybatis-3-mapper.dtd">
<mapper namespace="com.gec.hawaste.mapper.EnvironmentalCompanyMapper">

    <!-- 通用查询映射结果 -->
    <resultMap id="BaseResultMap" type="com.gec.hawaste.entity.EnvironmentalCompany">
        <id column="id" property="id"/>
        <result column="logo" property="logo"/>
        <result column="name" property="name"/>
        <result column="description" property="description"/>
        <result column="phone" property="phone"/>
        <result column="contacts" property="contacts"/>
        <result column="address" property="address"/>
        <result column="create_date" property="createDate"/>
        <result column="update_date" property="updateDate"/>
        <result column="del_flag" property="delFlag"/>
        <result column="create_by" property="createBy"/>
    </resultMap>

</mapper>
