<?xml version="1.0" encoding="UTF-8"?>
<!DOCTYPE mapper PUBLIC "-//mybatis.org//DTD Mapper 3.0//EN" "http://mybatis.org/dtd/mybatis-3-mapper.dtd">
<mapper namespace="com.gec.hawaste.mapper.ExaminationStandardMapper">

    <!-- 通用查询映射结果 -->
    <resultMap id="BaseResultMap" type="com.gec.hawaste.entity.ExaminationStandard">
        <id column="id" property="id"/>
        <result column="title" property="title"/>
        <result column="code" property="code"/>
        <result column="content" property="content"/>
        <result column="based_on" property="basedOn"/>
        <result column="type" property="type"/>
        <result column="examination_type" property="examinationType"/>
        <result column="description" property="description"/>
        <result column="create_date" property="createDate"/>
        <result column="update_date" property="updateDate"/>
        <result column="del_flag" property="delFlag"/>
        <result column="create_by" property="createBy"/>
    </resultMap>

</mapper>
