<?xml version="1.0" encoding="UTF-8"?>
<!DOCTYPE mapper PUBLIC "-//mybatis.org//DTD Mapper 3.0//EN" "http://mybatis.org/dtd/mybatis-3-mapper.dtd">
<mapper namespace="com.gec.hawaste.mapper.QualificationMapper">

    <!-- 通用查询映射结果 -->
    <resultMap id="BaseResultMap" type="com.gec.hawaste.entity.Qualification">
        <id column="id" property="id"/>
        <result column="upload_user_id" property="uploadUserId"/>
        <result column="type" property="type"/>
        <result column="address" property="address"/>
        <result column="check" property="check"/>
        <result column="description" property="description"/>
        <result column="check_user_id" property="checkUserId"/>
        <result column="create_date" property="createDate"/>
        <result column="update_date" property="updateDate"/>
        <result column="del_flag" property="delFlag"/>
        <result column="create_by" property="createBy"/>
    </resultMap>

</mapper>
