<?xml version="1.0" encoding="UTF-8"?>
<!DOCTYPE mapper PUBLIC "-//mybatis.org//DTD Mapper 3.0//EN" "http://mybatis.org/dtd/mybatis-3-mapper.dtd">
<mapper namespace="com.gec.hawaste.mapper.StatuteMapper">

    <!-- 通用查询映射结果 -->
    <resultMap id="BaseResultMap" type="com.gec.hawaste.entity.Statute">
        <id column="id" property="id"/>
        <result column="area_id" property="areaId"/>
        <result column="type" property="type"/>
        <result column="title" property="title"/>
        <result column="pub_date" property="pubDate"/>
        <result column="code" property="code"/>
        <result column="stem_from" property="stemFrom"/>
        <result column="description" property="description"/>
        <result column="create_date" property="createDate"/>
        <result column="update_date" property="updateDate"/>
        <result column="del_flag" property="delFlag"/>
        <result column="create_by" property="createBy"/>
    </resultMap>

</mapper>
