<?xml version="1.0" encoding="UTF-8"?>
<!DOCTYPE mapper PUBLIC "-//mybatis.org//DTD Mapper 3.0//EN" "http://mybatis.org/dtd/mybatis-3-mapper.dtd">
<mapper namespace="com.gec.hawaste.mapper.SysDictMapper">

    <!-- 通用查询映射结果 -->
    <resultMap id="BaseResultMap" type="com.gec.hawaste.entity.SysDict">
        <id column="id" property="id"/>
        <result column="label" property="label"/>
        <result column="value" property="value"/>
        <result column="type" property="type"/>
        <result column="description" property="description"/>
        <result column="sort" property="sort"/>
        <result column="create_by" property="createBy"/>
        <result column="create_date" property="createDate"/>
        <result column="update_by" property="updateBy"/>
        <result column="update_date" property="updateDate"/>
        <result column="remarks" property="remarks"/>
        <result column="del_flag" property="delFlag"/>
    </resultMap>

</mapper>
