<?xml version="1.0" encoding="UTF-8"?>
<!DOCTYPE mapper PUBLIC "-//mybatis.org//DTD Mapper 3.0//EN" "http://mybatis.org/dtd/mybatis-3-mapper.dtd">
<mapper namespace="com.gec.hawaste.mapper.SysUserMapper">

    <!-- 通用查询映射结果 -->
    <resultMap id="BaseResultMap" type="com.gec.hawaste.entity.SysUser">
        <id column="id" property="id"/>
        <result column="company_id" property="companyId"/>
        <result column="office_id" property="officeId"/>
        <result column="username" property="username"/>
        <result column="password" property="password"/>
        <result column="no" property="no"/>
        <result column="name" property="name"/>
        <result column="email" property="email"/>
        <result column="phone" property="phone"/>
        <result column="mobile" property="mobile"/>
        <result column="user_type" property="userType"/>
        <result column="device_code" property="deviceCode"/>
        <result column="login_ip" property="loginIp"/>
        <result column="login_date" property="loginDate"/>
        <result column="create_by" property="createBy"/>
        <result column="create_date" property="createDate"/>
        <result column="update_by" property="updateBy"/>
        <result column="update_date" property="updateDate"/>
        <result column="remarks" property="remarks"/>
        <result column="del_flag" property="delFlag"/>
        <result column="status" property="status"/>
        <result column="head_picture" property="headPicture"/>
    </resultMap>

</mapper>
