<?xml version="1.0" encoding="UTF-8"?>
<!DOCTYPE mapper PUBLIC "-//mybatis.org//DTD Mapper 3.0//EN" "http://mybatis.org/dtd/mybatis-3-mapper.dtd">
<mapper namespace="com.gec.hawaste.mapper.UserBoundDeviceMapper">

    <!-- 通用查询映射结果 -->
    <resultMap id="BaseResultMap" type="com.gec.hawaste.entity.UserBoundDevice">
        <id column="id" property="id"/>
        <result column="user_id" property="userId"/>
        <result column="device_id" property="deviceId"/>
        <result column="device_type" property="deviceType"/>
        <result column="channel_id" property="channelId"/>
        <result column="push_switch" property="pushSwitch"/>
        <result column="create_date" property="createDate"/>
        <result column="update_date" property="updateDate"/>
        <result column="del_flag" property="delFlag"/>
        <result column="create_by" property="createBy"/>
    </resultMap>

</mapper>
