<?xml version="1.0" encoding="UTF-8"?>
<!DOCTYPE mapper PUBLIC "-//mybatis.org//DTD Mapper 3.0//EN" "http://mybatis.org/dtd/mybatis-3-mapper.dtd">
<mapper namespace="com.gec.hawaste.mapper.WasteMapper">

    <!-- 通用查询映射结果 -->
    <resultMap id="BaseResultMap" type="com.gec.hawaste.entity.Waste">
        <id column="id" property="id"/>
        <result column="parent_id" property="parentId"/>
        <result column="name" property="name"/>
        <result column="code" property="code"/>
        <result column="hazardous_characteristics" property="hazardousCharacteristics"/>
        <result column="industry_from_id" property="industryFromId"/>
        <result column="create_date" property="createDate"/>
        <result column="update_date" property="updateDate"/>
        <result column="del_flag" property="delFlag"/>
        <result column="create_by" property="createBy"/>
    </resultMap>

</mapper>
