<?xml version="1.0" encoding="UTF-8" ?>
<!DOCTYPE mapper PUBLIC "-//mybatis.org//DTD Mapper 3.0//EN" "http://mybatis.org/dtd/mybatis-3-mapper.dtd" >
<mapper namespace="com.web.myoa.mapper.EmployeeMapper" >
  <resultMap id="BaseResultMap" type="com.web.myoa.pojo.Employee" >
    <id column="id" property="id" jdbcType="BIGINT" />
    <result column="name" property="name" jdbcType="VARCHAR" />
    <result column="password" property="password" jdbcType="VARCHAR" />
    <result column="email" property="email" jdbcType="VARCHAR" />
    <result column="role" property="role" jdbcType="INTEGER" />
    <result column="manager_id" property="managerId" jdbcType="BIGINT" />
    <result column="salt" property="salt" jdbcType="VARCHAR" />
  </resultMap>
  <sql id="Example_Where_Clause" >
    <where >
      <foreach collection="oredCriteria" item="criteria" separator="or" >
        <if test="criteria.valid" >
          <trim prefix="(" suffix=")" prefixOverrides="and" >
            <foreach collection="criteria.criteria" item="criterion" >
              <choose >
                <when test="criterion.noValue" >
                  and ${criterion.condition}
                </when>
                <when test="criterion.singleValue" >
                  and ${criterion.condition} #{criterion.value}
                </when>
                <when test="criterion.betweenValue" >
                  and ${criterion.condition} #{criterion.value} and #{criterion.secondValue}
                </when>
                <when test="criterion.listValue" >
                  and ${criterion.condition}
                  <foreach collection="criterion.value" item="listItem" open="(" close=")" separator="," >
                    #{listItem}
                  </foreach>
                </when>
              </choose>
            </foreach>
          </trim>
        </if>
      </foreach>
    </where>
  </sql>
  <sql id="Update_By_Example_Where_Clause" >
    <where >
      <foreach collection="example.oredCriteria" item="criteria" separator="or" >
        <if test="criteria.valid" >
          <trim prefix="(" suffix=")" prefixOverrides="and" >
            <foreach collection="criteria.criteria" item="criterion" >
              <choose >
                <when test="criterion.noValue" >
                  and ${criterion.condition}
                </when>
                <when test="criterion.singleValue" >
                  and ${criterion.condition} #{criterion.value}
                </when>
                <when test="criterion.betweenValue" >
                  and ${criterion.condition} #{criterion.value} and #{criterion.secondValue}
                </when>
                <when test="criterion.listValue" >
                  and ${criterion.condition}
                  <foreach collection="criterion.value" item="listItem" open="(" close=")" separator="," >
                    #{listItem}
                  </foreach>
                </when>
              </choose>
            </foreach>
          </trim>
        </if>
      </foreach>
    </where>
  </sql>
  <sql id="Base_Column_List" >
    id, name, password, email, role, manager_id, salt
  </sql>
  <select id="selectByExample" resultMap="BaseResultMap" parameterType="com.web.myoa.pojo.EmployeeExample" >
    select
    <if test="distinct" >
      distinct
    </if>
    <include refid="Base_Column_List" />
    from employee
    <if test="_parameter != null" >
      <include refid="Example_Where_Clause" />
    </if>
    <if test="orderByClause != null" >
      order by ${orderByClause}
    </if>
  </select>
  <select id="selectByPrimaryKey" resultMap="BaseResultMap" parameterType="java.lang.Long" >
    select 
    <include refid="Base_Column_List" />
    from employee
    where id = #{id,jdbcType=BIGINT}
  </select>
  <delete id="deleteByPrimaryKey" parameterType="java.lang.Long" >
    delete from employee
    where id = #{id,jdbcType=BIGINT}
  </delete>
  <delete id="deleteByExample" parameterType="com.web.myoa.pojo.EmployeeExample" >
    delete from employee
    <if test="_parameter != null" >
      <include refid="Example_Where_Clause" />
    </if>
  </delete>
  <insert id="insert" parameterType="com.web.myoa.pojo.Employee" >
    insert into employee (id, name, password, 
      email, role, manager_id, 
      salt)
    values (#{id,jdbcType=BIGINT}, #{name,jdbcType=VARCHAR}, #{password,jdbcType=VARCHAR}, 
      #{email,jdbcType=VARCHAR}, #{role,jdbcType=INTEGER}, #{managerId,jdbcType=BIGINT}, 
      #{salt,jdbcType=VARCHAR})
  </insert>
  <insert id="insertSelective" parameterType="com.web.myoa.pojo.Employee" >
    insert into employee
    <trim prefix="(" suffix=")" suffixOverrides="," >
      <if test="id != null" >
        id,
      </if>
      <if test="name != null" >
        name,
      </if>
      <if test="password != null" >
        password,
      </if>
      <if test="email != null" >
        email,
      </if>
      <if test="role != null" >
        role,
      </if>
      <if test="managerId != null" >
        manager_id,
      </if>
      <if test="salt != null" >
        salt,
      </if>
    </trim>
    <trim prefix="values (" suffix=")" suffixOverrides="," >
      <if test="id != null" >
        #{id,jdbcType=BIGINT},
      </if>
      <if test="name != null" >
        #{name,jdbcType=VARCHAR},
      </if>
      <if test="password != null" >
        #{password,jdbcType=VARCHAR},
      </if>
      <if test="email != null" >
        #{email,jdbcType=VARCHAR},
      </if>
      <if test="role != null" >
        #{role,jdbcType=INTEGER},
      </if>
      <if test="managerId != null" >
        #{managerId,jdbcType=BIGINT},
      </if>
      <if test="salt != null" >
        #{salt,jdbcType=VARCHAR},
      </if>
    </trim>
  </insert>
  <select id="countByExample" parameterType="com.web.myoa.pojo.EmployeeExample" resultType="java.lang.Integer" >
    select count(*) from employee
    <if test="_parameter != null" >
      <include refid="Example_Where_Clause" />
    </if>
  </select>
  <update id="updateByExampleSelective" parameterType="map" >
    update employee
    <set >
      <if test="record.id != null" >
        id = #{record.id,jdbcType=BIGINT},
      </if>
      <if test="record.name != null" >
        name = #{record.name,jdbcType=VARCHAR},
      </if>
      <if test="record.password != null" >
        password = #{record.password,jdbcType=VARCHAR},
      </if>
      <if test="record.email != null" >
        email = #{record.email,jdbcType=VARCHAR},
      </if>
      <if test="record.role != null" >
        role = #{record.role,jdbcType=INTEGER},
      </if>
      <if test="record.managerId != null" >
        manager_id = #{record.managerId,jdbcType=BIGINT},
      </if>
      <if test="record.salt != null" >
        salt = #{record.salt,jdbcType=VARCHAR},
      </if>
    </set>
    <if test="_parameter != null" >
      <include refid="Update_By_Example_Where_Clause" />
    </if>
  </update>
  <update id="updateByExample" parameterType="map" >
    update employee
    set id = #{record.id,jdbcType=BIGINT},
      name = #{record.name,jdbcType=VARCHAR},
      password = #{record.password,jdbcType=VARCHAR},
      email = #{record.email,jdbcType=VARCHAR},
      role = #{record.role,jdbcType=INTEGER},
      manager_id = #{record.managerId,jdbcType=BIGINT},
      salt = #{record.salt,jdbcType=VARCHAR}
    <if test="_parameter != null" >
      <include refid="Update_By_Example_Where_Clause" />
    </if>
  </update>
  <update id="updateByPrimaryKeySelective" parameterType="com.web.myoa.pojo.Employee" >
    update employee
    <set >
      <if test="name != null" >
        name = #{name,jdbcType=VARCHAR},
      </if>
      <if test="password != null" >
        password = #{password,jdbcType=VARCHAR},
      </if>
      <if test="email != null" >
        email = #{email,jdbcType=VARCHAR},
      </if>
      <if test="role != null" >
        role = #{role,jdbcType=INTEGER},
      </if>
      <if test="managerId != null" >
        manager_id = #{managerId,jdbcType=BIGINT},
      </if>
      <if test="salt != null" >
        salt = #{salt,jdbcType=VARCHAR},
      </if>
    </set>
    where id = #{id,jdbcType=BIGINT}
  </update>
  <update id="updateByPrimaryKey" parameterType="com.web.myoa.pojo.Employee" >
    update employee
    set name = #{name,jdbcType=VARCHAR},
      password = #{password,jdbcType=VARCHAR},
      email = #{email,jdbcType=VARCHAR},
      role = #{role,jdbcType=INTEGER},
      manager_id = #{managerId,jdbcType=BIGINT},
      salt = #{salt,jdbcType=VARCHAR}
    where id = #{id,jdbcType=BIGINT}
  </update>
</mapper>