<?xml version="1.0" encoding="UTF-8" ?>
<!DOCTYPE mapper PUBLIC "-//mybatis.org//DTD Mapper 3.0//EN" "http://mybatis.org/dtd/mybatis-3-mapper.dtd" >
<mapper namespace="com.web.myoa.mapper.SysPermissionCustomMapper" >
<resultMap type="com.web.myoa.pojo.MenuTree" id="menuTreeResultMap">
  	<id column="id" property="id"/>
  	<result column="name" property="name"/>
  	<collection property="children" select="getSubMenu" column="id">
  		<id column="id" property="id"/>
		<result column="name" property="name"/>
		<result column="type" property="type" />
		<result column="url" property="url" />
		<result column="percode" property="percode"/>
		<result column="parentid" property="parentid"/>
		<result column="parentids" property="parentids" />
		<result column="sortstring" property="sortstring" />
		<result column="available" property="available"/>
  	</collection>
</resultMap>

<resultMap type="com.web.myoa.pojo.MenuTree" id="AllMenuTreeResultMap">
  	<id column="id" property="id"/>
  	<result column="name" property="name"/>
  	<collection property="children" select="getAllSubMenu" column="id">
  		<id column="id" property="id"/>
		<result column="name" property="name"/>
		<result column="type" property="type" />
		<result column="url" property="url" />
		<result column="percode" property="percode"/>
		<result column="parentid" property="parentid"/>
		<result column="parentids" property="parentids" />
		<result column="sortstring" property="sortstring" />
		<result column="available" property="available"/>
  	</collection>
</resultMap>
  
  <resultMap type="com.web.myoa.pojo.SysRole" id="roleAndPermissionResult">
  	<id column="id" property="id"/>
  	<result column="name" property="name"/>
  	<collection property="permissionList" ofType="com.web.myoa.pojo.SysPermission">
  		<id column="permission_id" property="id"/>
		<result column="permission_name" property="name"/>
		<result column="type" property="type" />
		<result column="url" property="url" />
		<result column="percode" property="percode"/>
  	</collection>
  </resultMap>
  
  <select id="getMenuTree" resultMap="menuTreeResultMap">
  	SELECT * FROM sys_permission WHERE parentid=1
  </select>
  
  <select id="getSubMenu" resultType="com.web.myoa.pojo.SysPermission">
  	SELECT * FROM sys_permission WHERE parentid=#{id} and type like '%menu%'
  </select>
  
  <select id="getAllMenuTree" resultMap="AllMenuTreeResultMap">
  	SELECT * FROM sys_permission WHERE parentid=1
  </select>
  
  <select id="getAllSubMenu" resultType="com.web.myoa.pojo.SysPermission">
  	SELECT * FROM sys_permission WHERE parentid=#{id} 
  </select>
  
  <!-- 根据用户id查询权限 -->
  <select id="findPermissionListByEmployeeId" parameterType="string" resultType="com.web.myoa.pojo.SysPermission">
  	SELECT 
	  * 
	FROM
	  sys_permission 
	WHERE TYPE like '%permission%' 
	  AND id IN 
	  (SELECT 
	    sys_permission_id 
	  FROM
	    sys_role_permission 
	  WHERE sys_role_id IN 
	    (SELECT 
	      sys_role_id 
	    FROM
	      sys_user_role 
	    WHERE sys_user_id = #{id}))
  </select>
  
  <!-- 根据用户id查询菜单 -->
  <select id="findMenuListBbyEmployeeId" parameterType="string" resultType="com.web.myoa.pojo.SysPermission">
  	SELECT 
	  * 
	FROM
	  sys_permission 
	WHERE TYPE like '%menu%' 
	  AND id IN 
	  (SELECT 
	    sys_permission_id 
	  FROM
	    sys_role_permission 
	  WHERE sys_role_id IN 
	    (SELECT 
	      sys_role_id 
	    FROM
	      sys_user_role 
	    WHERE sys_user_id = #{id}))
  </select>
  
  <!-- 查询系统管理,用户列表,查出上级主管的名称 -->
  <select id="findUserAndRole" resultType="com.web.myoa.pojo.EmployeeCustom">
  	SELECT
		e.*,
		s1.sys_role_id roleId,
		s2.NAME rolename,
		e2.NAME manager 
	FROM
		employee e
		INNER JOIN employee e2 ON e.manager_id = e2.id
		INNER JOIN sys_user_role s1 ON e.NAME = s1.sys_user_id
		INNER JOIN sys_role s2 ON s1.sys_role_id = s2.id
  </select>
  
  <!-- 根据id查询该用户的角色和权限 -->
  <select id="findRoleAndPermissionByUserId" resultMap="roleAndPermissionResult" parameterType="java.lang.String">
  	SELECT s1.*,
		s3.id permission_id,
		s3.name permission_name,
		s3.type,
		s3.url,
		s3.percode
	FROM sys_role s1
		INNER JOIN sys_role_permission s2 ON s1.id=s2.sys_role_id
		INNER JOIN sys_permission s3 ON s2.sys_permission_id=s3.id 
		INNER JOIN sys_user_role s4 ON s4.sys_role_id=s1.id
		INNER JOIN employee e ON e.name=s4.sys_user_id
	WHERE e.name=#{userId}
  </select>
  
  <!-- 查询所有角色 -->
  <select id="findRoleAndPermission" resultMap="roleAndPermissionResult">
  	SELECT
	s1.*,
	s3.id permission_id,
	s3.NAME permission_name,
	s3.type,
	s3.url,
	s3.percode 
	FROM
	sys_role s1
	INNER JOIN sys_role_permission s2 ON s1.id = s2.sys_role_id
	INNER JOIN sys_permission s3 ON s2.sys_permission_id = s3.id
	WHERE s1.available = 1
  </select>
  
  <!-- 根据角色ID查询该角色的的权限 -->
  <select id="findPermissionsByRoleId" parameterType="java.lang.String" resultType="com.web.myoa.pojo.SysPermission">
    SELECT 
	  * 
	FROM
	  sys_permission 
	WHERE id IN 
	  (SELECT 
		 sys_permission_id 
	FROM
		 sys_role_permission 
	WHERE sys_role_id =#{id})
   </select>
  
</mapper>


