<?xml version="1.0" encoding="UTF-8" ?>
<!DOCTYPE mapper PUBLIC "-//mybatis.org//DTD Mapper 3.0//EN" "http://mybatis.org/dtd/mybatis-3-mapper.dtd" >
<mapper namespace="com.web.myoa.mapper.SysPermissionCustomMapper" >
<resultMap type="com.web.myoa.pojo.MenuTree" id="menuTreeResultMap">
  	<id column="id" property="id"/>
  	<result column="name" property="name"/>
  	<collection property="children" select="getSubMenu" column="id">
  		<id column="id" property="id"/>
		<result column="name" property="name"/>
		<result column="type" property="type" />
		<result column="url" property="url" />
		<result column="percode" property="percode"/>
		<result column="parentid" property="parentid"/>
		<result column="parentids" property="parentids" />
		<result column="sortstring" property="sortstring" />
		<result column="available" property="available"/>
  	</collection>
  </resultMap>
  
  <select id="getMenuTree" resultMap="menuTreeResultMap">
  	SELECT * FROM sys_permission WHERE parentid=1
  </select>
  
  <select id="getSubMenu" resultType="com.web.myoa.pojo.SysPermission">
  	SELECT * FROM sys_permission WHERE parentid=#{id} and type like '%menu%'
  </select>
</mapper>


