<?xml version="1.0" encoding="UTF-8"?>
<beans xmlns="http://www.springframework.org/schema/beans"
	xmlns:mvc="http://www.springframework.org/schema/mvc" 
	xmlns:p="http://www.springframework.org/schema/p"
	xmlns:aop="http://www.springframework.org/schema/aop"
	xmlns:context="http://www.springframework.org/schema/context"
	xmlns:util="http://www.springframework.org/schema/util" 
	xmlns:xsi="http://www.w3.org/2001/XMLSchema-instance"
	xsi:schemaLocation="http://www.springframework.org/schema/beans  
            http://www.springframework.org/schema/beans/spring-beans-3.2.xsd  
            http://www.springframework.org/schema/context   
            http://www.springframework.org/schema/context/spring-context-3.2.xsd  
            http://www.springframework.org/schema/mvc  
            http://www.springframework.org/schema/mvc/spring-mvc-3.2.xsd 
            http://www.springframework.org/schema/util  
            http://www.springframework.org/schema/util/spring-util-3.2.xsd
            http://www.springframework.org/schema/aop 
		    http://www.springframework.org/schema/aop/spring-aop-3.0.xsd">    

   <!-- 
    <bean id="lifecycleBeanPostProcessor" class="org.apache.shiro.spring.LifecycleBeanPostProcessor" />  
    <bean  class="org.springframework.aop.framework.autoproxy.DefaultAdvisorAutoProxyCreator" depends-on="lifecycleBeanPostProcessor">
            <property name="proxyTargetClass" value="true" />
    </bean>
    <bean class="org.apache.shiro.spring.security.interceptor.AuthorizationAttributeSourceAdvisor">
         <property name="securityManager" ref="securityManager" />
    </bean>
     -->
    
	<mvc:annotation-driven />
	<!-- 
		 加了类型转换器，静态资源 使用此种方法解析
    	 它的意思就是没有映射到的URL交给默认的web容器中的servlet进行处理：
     -->
	<mvc:default-servlet-handler/>
	
	<!-- 扫描controller包 -->
	<context:component-scan base-package="com.web.myoa.controller"></context:component-scan>
	
	<!-- 视图解析器 -->
	<bean
		class="org.springframework.web.servlet.view.InternalResourceViewResolver">
		<property name="prefix" value="/"></property>
		<property name="suffix" value=".jsp"></property>
	</bean>

	<!-- 
	<bean id="conversionService"
		class="org.springframework.format.support.FormattingConversionServiceFactoryBean">
		<property name="converters">
			<list>
				<bean class="cn.web.auction.converter.DateConverter" />
			</list>
		</property>
	</bean>
	 -->
	
	<!-- 支持文件上传 -->
	<bean id="multipartResolver"
		class="org.springframework.web.multipart.commons.CommonsMultipartResolver">
		<property name="maxUploadSize" value="104857600" />
		<property name="maxInMemorySize" value="4096" />
		<property name="defaultEncoding" value="UTF-8"></property>
	</bean>

	
</beans>